Rk,Team,Conf,W-L,NetRtg,ORtg,ORtg_RANK,DRtg,DRtg_RANK,AdjT,AdjT_RANK,Luck,Luck_RANK,Strength of Schedule NetRtg,Strength of Schedule NetRtg_RANK,Strength of Schedule ORtg,Strength of Schedule ORtg_RANK,Strength of Schedule DRtg,Strength of Schedule DRtg_RANK,NCSOS NetRtg,NCSOS NetRtg_RANK
1,Duke,ACC,24-3,+38.18,128.6,2,90.4,4,65.8,274,-.040,286,+9.22,53,113.1,42,103.8,62,+9.36,23
2,Auburn,SEC,25-2,+35.99,129.7,1,93.7,11,68.4,125,+.070,47,+16.83,2,116.4,2,99.5,2,+10.14,19
3,Houston,B12,24-4,+35.78,125.1,7,89.3,3,61.0,360,-.015,221,+12.16,26,113.4,31,101.3,17,+2.51,102
4,Florida,SEC,24-3,+34.16,127.0,4,92.9,7,68.9,97,+.011,158,+10.77,43,112.8,46,102.0,27,-1.47,217
5,Tennessee,SEC,22-5,+31.56,119.1,29,87.6,1,64.0,341,+.013,152,+13.32,15,116.1,3,102.8,48,-1.00,205
6,Alabama,SEC,22-5,+28.17,127.1,3,98.9,45,74.7,1,+.052,73,+16.85,1,117.3,1,100.4,9,+11.78,10
7,Texas Tech,B12,21-7,+27.03,123.9,10,96.9,27,65.9,269,-.058,313,+9.35,51,111.5,66,102.2,31,-5.18,316
8,Iowa St.,B12,21-6,+26.78,120.3,21,93.5,9,68.8,104,-.009,201,+10.77,42,113.0,43,102.3,35,-1.83,232
9,Wisconsin,B10,21-6,+26.56,124.8,8,98.2,38,67.5,178,-.037,275,+12.42,22,114.4,18,102.0,28,+0.38,153
10,Michigan St.,B10,22-5,+26.08,119.9,23,93.9,12,67.5,173,-.016,224,+10.78,41,113.4,33,102.6,45,-0.09,179
11,Gonzaga,WCC,21-8,+26.03,124.7,9,98.7,44,70.0,57,-.100,353,+5.42,79,110.8,76,105.4,93,+9.21,24
12,Arizona,B12,18-9,+25.66,120.7,19,95.0,19,70.4,47,-.055,308,+14.45,8,115.4,7,100.9,12,+5.71,47
13,St. John's,BE,24-4,+25.28,114.0,73,88.8,2,70.2,52,-.035,273,+8.00,64,111.9,60,103.9,66,-0.41,188
14,Missouri,SEC,20-7,+25.24,125.1,6,99.8,53,68.3,128,-.013,212,+10.18,46,112.4,52,102.2,34,-9.50,357
15,Maryland,B10,21-6,+25.11,120.9,16,95.8,21,70.1,53,-.029,259,+7.97,66,112.4,53,104.4,74,-10.75,360
16,Kentucky,SEC,18-9,+24.81,126.0,5,101.2,62,70.7,36,-.030,262,+16.15,3,116.1,4,99.9,4,+4.09,64
17,Purdue,B10,19-9,+24.38,123.8,11,99.4,51,65.4,291,-.010,206,+15.38,4,116.0,5,100.6,10,+10.38,17
18,Saint Mary's,WCC,25-4,+24.24,117.7,37,93.5,8,62.3,358,+.004,170,+5.02,87,111.1,72,106.1,108,+5.24,52
19,Clemson,ACC,22-5,+23.99,120.8,17,96.8,25,63.7,345,-.030,260,+8.05,63,112.3,56,104.3,73,+3.67,77
20,Texas A&M,SEC,20-7,+23.97,116.4,52,92.4,6,66.4,234,+.027,117,+14.78,7,115.1,10,100.3,8,+7.26,35
21,Kansas,B12,19-9,+23.52,115.3,57,91.8,5,68.8,108,-.009,203,+13.47,13,114.6,15,101.1,14,+8.08,30
22,Michigan,B10,21-6,+22.83,117.6,39,94.7,15,69.8,61,+.060,63,+12.61,20,113.9,23,101.3,16,+3.92,71
23,Mississippi,SEC,19-8,+22.71,117.7,36,95.0,18,68.2,141,-.032,267,+12.48,21,113.9,22,101.4,23,-1.03,206
24,Louisville,ACC,21-6,+22.68,120.1,22,97.4,31,68.8,102,+.040,95,+9.88,48,113.3,36,103.4,57,+6.87,40
25,Illinois,B10,17-11,+22.31,120.7,18,98.4,42,72.0,14,-.045,295,+15.18,5,115.0,11,99.8,3,+3.08,89
26,UCLA,B10,20-8,+21.70,116.3,53,94.7,14,65.0,310,-.007,194,+10.95,37,113.5,30,102.6,44,-5.12,311
27,BYU,B12,19-8,+21.39,123.1,12,101.8,69,67.0,206,+.001,179,+8.90,56,111.4,69,102.5,43,-7.35,346
28,Marquette,BE,20-7,+21.32,118.1,31,96.8,24,67.5,177,+.008,161,+10.91,39,113.2,40,102.3,38,+8.71,26
29,Mississippi St.,SEC,19-8,+21.17,119.4,25,98.2,39,68.0,149,+.038,99,+14.00,11,115.1,9,101.1,13,+1.16,137
30,Baylor,B12,16-11,+20.64,122.2,13,101.6,65,65.3,294,-.040,287,+15.15,6,114.1,20,98.9,1,+7.78,33
31,VCU,A10,22-5,+20.44,116.4,51,96.0,22,66.7,217,-.058,314,+0.41,141,107.3,174,106.9,132,-3.79,291
32,Creighton,BE,19-8,+19.57,116.8,47,97.2,29,68.3,130,+.025,121,+11.57,32,112.9,45,101.3,21,+5.80,46
33,Ohio St.,B10,15-13,+19.35,117.4,41,98.0,37,67.5,174,-.078,332,+14.10,10,115.4,6,101.3,19,+3.54,81
34,Oregon,B10,20-8,+18.78,117.8,35,99.0,47,68.0,148,+.089,29,+13.91,12,115.1,8,101.2,15,+3.85,72
35,UC San Diego,BW,24-4,+18.24,116.6,50,98.3,40,66.0,256,-.006,193,-1.55,184,106.7,207,108.2,181,-1.67,226
36,Arkansas,SEC,16-11,+17.92,113.0,80,95.1,20,69.1,89,-.038,283,+12.66,17,114.8,14,102.2,30,-2.81,261
37,New Mexico,MWC,22-5,+17.56,114.4,68,96.8,26,73.0,4,+.017,139,+5.99,75,109.7,89,103.7,61,+5.10,53
38,Connecticut,BE,18-9,+17.50,121.2,15,103.7,99,64.4,328,-.028,257,+9.93,47,112.8,47,102.8,52,-0.78,200
39,North Carolina,ACC,18-11,+17.24,119.4,26,102.1,76,71.0,29,-.003,184,+11.96,28,114.1,19,102.1,29,+13.13,7
40,Texas,SEC,16-11,+17.11,117.4,40,100.3,56,67.3,191,-.055,307,+11.35,34,113.3,38,101.9,26,-8.28,352
41,SMU,ACC,20-7,+17.10,119.2,28,102.1,75,69.2,79,+.037,103,+5.15,83,110.7,78,105.6,97,-3.17,273
42,Utah St.,MWC,24-4,+17.00,121.8,14,104.9,114,68.3,135,+.091,27,+4.55,92,109.1,105,104.5,76,+1.21,133
43,San Diego St.,MWC,18-7,+16.75,110.4,119,93.6,10,66.0,255,+.012,157,+8.11,62,112.0,58,103.9,65,+12.81,8
44,Vanderbilt,SEC,18-9,+16.72,118.7,30,102.0,74,69.3,73,+.037,101,+10.96,36,113.3,34,102.4,40,-6.68,343
45,Georgia,SEC,16-11,+16.70,114.5,66,97.8,35,66.4,235,-.021,242,+11.70,31,113.1,41,101.4,22,-5.26,319
46,Memphis,Amer,22-5,+16.50,114.9,61,98.4,41,70.5,41,+.079,38,+7.69,67,112.5,51,104.8,80,+15.68,4
47,Nebraska,B10,17-11,+16.34,113.5,77,97.2,28,67.5,175,+.029,114,+12.32,23,114.5,16,102.2,32,-2.43,246
48,Boise St.,MWC,19-8,+16.17,116.9,44,100.7,59,66.4,230,-.015,218,+5.66,78,109.7,91,104.0,68,+2.09,117
49,Oklahoma,SEC,17-10,+16.13,118.1,33,101.9,73,68.6,117,+.032,109,+11.94,29,113.2,39,101.3,18,-5.51,325
50,Indiana,B10,16-11,+15.86,115.1,59,99.2,48,68.3,129,+.018,136,+12.65,18,114.9,13,102.2,33,+0.98,141
51,West Virginia,B12,16-11,+15.69,110.6,116,94.9,17,64.3,330,+.009,160,+13.41,14,113.6,29,100.2,6,+1.18,136
52,Xavier,BE,18-10,+15.43,114.5,67,99.0,46,69.3,75,-.015,222,+8.76,58,111.2,70,102.4,41,-0.98,203
53,Cincinnati,B12,16-11,+15.39,112.1,93,96.7,23,65.5,287,-.038,282,+9.60,49,112.4,55,102.8,50,-6.02,336
54,Northwestern,B10,14-13,+15.27,114.7,63,99.5,52,64.8,318,-.094,351,+10.94,38,113.7,25,102.8,49,-2.57,249
55,Santa Clara,WCC,19-10,+15.17,117.7,38,102.5,78,68.5,119,-.033,268,+4.44,93,110.0,85,105.6,99,+4.02,66
56,Pittsburgh,ACC,16-11,+15.15,118.1,32,103.0,87,66.3,237,-.021,239,+9.00,54,113.3,37,104.3,71,+4.40,61
57,Villanova,BE,16-12,+14.99,120.5,20,105.5,134,63.0,355,-.089,348,+7.63,68,111.0,75,103.4,56,-6.06,337
58,Arizona St.,B12,13-14,+13.76,112.3,89,98.5,43,68.6,118,-.017,228,+14.36,9,114.5,17,100.1,5,+8.20,28
59,Drake,MVC,25-3,+13.56,113.6,76,100.0,54,59.4,364,+.001,174,-0.16,153,108.8,110,108.9,217,-2.15,238
60,USC,B10,14-13,+13.16,116.7,48,103.6,95,68.6,116,-.034,272,+10.87,40,113.6,28,102.7,47,-2.03,235
61,McNeese,Slnd,23-6,+13.15,114.4,69,101.2,63,65.2,296,-.037,276,-2.03,203,106.3,236,108.3,186,+9.74,20
62,North Texas,Amer,20-6,+12.89,110.2,121,97.3,30,60.8,362,-.021,240,+1.72,115,109.7,88,108.0,167,+2.52,101
63,San Francisco,WCC,22-7,+12.70,112.1,92,99.4,49,67.7,168,+.050,76,+1.54,118,108.8,111,107.2,145,-1.50,218
64,Colorado St.,MWC,18-9,+12.57,114.3,70,101.8,70,66.2,243,+.018,135,+5.14,85,109.2,103,104.0,69,+1.44,128
65,Yale,Ivy,18-6,+12.39,116.9,43,104.5,111,68.2,139,-.071,326,-3.31,251,107.2,177,110.5,311,-0.48,192
66,Kansas St.,B12,13-14,+12.38,112.6,85,100.2,55,67.4,187,-.058,315,+12.20,25,112.4,54,100.2,7,-0.62,195
67,Penn St.,B10,15-13,+12.27,115.1,60,102.8,86,70.1,54,-.079,334,+7.48,69,111.8,64,104.3,72,-10.21,359
68,Wake Forest,ACC,19-8,+12.20,109.7,131,97.5,33,66.8,213,+.085,31,+7.99,65,111.8,62,103.8,63,-1.45,216
69,Liberty,CUSA,22-5,+12.15,109.8,130,97.7,34,65.5,285,-.010,207,-0.26,155,106.6,215,106.8,129,-2.70,256
70,Iowa,B10,15-12,+11.99,119.6,24,107.6,174,70.6,40,-.028,256,+9.36,50,113.0,44,103.6,59,-8.16,350
71,Butler,BE,13-14,+11.64,116.7,49,105.1,118,67.9,152,-.075,328,+9.33,52,111.9,61,102.6,46,+3.00,92
72,George Mason,A10,21-6,+11.37,106.2,202,94.8,16,64.2,335,+.076,42,+1.24,121,108.3,127,107.1,143,-4.80,309
73,UC Irvine,BW,23-5,+11.30,105.7,215,94.4,13,69.2,85,+.069,50,+0.94,128,108.0,143,107.1,144,+3.84,73
74,Rutgers,B10,14-14,+11.07,116.0,54,104.9,116,68.7,111,-.016,227,+12.24,24,113.7,24,101.5,24,-2.29,242
75,South Carolina,SEC,11-16,+11.04,110.5,117,99.4,50,65.6,283,-.080,337,+12.63,19,114.9,12,102.3,37,-1.80,230
76,Nevada,MWC,15-12,+10.90,114.1,72,103.2,91,63.7,346,-.087,344,+4.74,89,109.9,86,105.2,87,+2.55,100
77,UCF,B12,14-13,+10.55,115.6,56,105.0,117,72.0,17,+.040,96,+11.81,30,112.7,49,100.9,11,-0.49,193
78,Utah,B12,15-12,+10.51,112.3,88,101.8,72,68.8,106,-.013,215,+8.84,57,112.0,59,103.1,54,-8.99,354
79,Oregon St.,WCC,20-9,+10.42,116.8,45,106.4,149,64.2,334,+.012,154,+0.00,147,107.4,166,107.4,150,-4.17,300
80,LSU,SEC,14-13,+10.37,111.2,102,100.9,60,68.3,133,-.044,294,+11.08,35,113.4,32,102.4,39,-6.99,345
81,Georgetown,BE,16-11,+10.32,108.3,162,98.0,36,68.4,127,-.019,232,+4.68,90,109.4,100,104.7,78,-11.75,364
82,Saint Joseph's,A10,17-10,+10.30,111.0,108,100.7,58,68.2,136,-.079,335,+0.53,140,107.0,188,106.5,118,-4.05,298
83,Dayton,A10,18-9,+10.22,117.3,42,107.1,164,65.9,265,+.019,132,+4.29,95,108.8,112,104.5,75,+4.04,65
84,TCU,B12,15-12,+9.77,107.2,184,97.5,32,66.6,220,+.061,60,+12.71,16,114.0,21,101.3,20,+2.43,105
85,Lipscomb,ASun,21-9,+9.57,113.4,78,103.8,101,66.2,247,-.046,297,-3.36,253,107.1,181,110.5,308,+3.58,79
86,Providence,BE,12-15,+9.06,114.3,71,105.3,124,66.5,226,-.083,341,+8.94,55,111.8,63,102.8,51,+0.26,160
87,High Point,BSth,25-5,+9.02,119.3,27,110.3,227,66.6,221,+.007,164,-4.96,295,105.5,265,110.5,310,-5.51,326
88,Florida St.,ACC,16-12,+8.62,110.2,122,101.6,66,70.1,55,-.006,192,+5.15,84,110.5,81,105.4,92,-2.67,254
89,Minnesota,B10,14-13,+8.55,111.2,103,102.7,82,62.3,359,+.045,83,+10.28,44,113.3,35,103.0,53,-5.52,327
90,Stanford,ACC,17-10,+8.35,112.7,84,104.3,108,67.2,200,+.059,65,+4.35,94,109.7,90,105.3,91,-4.29,301
91,Arkansas St.,SB,20-9,+8.21,109.8,129,101.6,68,69.8,62,-.060,317,-2.34,216,105.8,252,108.2,178,+1.12,138
92,Colorado,B12,11-17,+7.40,108.5,155,101.1,61,67.4,183,-.057,311,+12.09,27,113.6,27,101.5,25,-1.72,228
93,Notre Dame,ACC,12-15,+7.28,114.0,74,106.7,157,64.9,315,-.093,350,+5.96,76,111.1,74,105.1,86,+0.18,165
94,Washington,B10,13-14,+7.19,110.8,112,103.6,96,68.2,137,+.014,148,+11.37,33,113.6,26,102.3,36,-3.91,293
95,Bradley,MVC,22-7,+6.72,112.4,87,105.7,137,66.2,241,+.089,30,-0.20,154,108.7,113,108.9,215,-2.86,262
96,UNLV,MWC,14-13,+6.66,108.3,161,101.6,67,65.6,282,-.013,214,+5.38,80,110.4,83,105.1,82,+3.35,84
97,St. Bonaventure,A10,19-9,+6.54,108.7,149,102.2,77,63.9,342,+.016,140,+0.53,139,107.6,160,107.1,141,-3.70,289
98,Northern Iowa,MVC,19-10,+6.19,111.0,107,104.8,113,65.8,275,+.015,145,-0.08,150,108.1,139,108.2,175,-1.56,221
99,Grand Canyon,WAC,20-6,+6.11,106.5,195,100.4,57,72.0,15,+.030,113,-3.43,257,103.9,315,107.3,148,-2.92,265
100,Akron,MAC,21-6,+6.09,111.8,96,105.7,140,72.3,12,+.052,72,-3.90,270,105.6,264,109.5,244,+1.00,140
101,Virginia,ACC,13-14,+5.62,111.3,101,105.6,135,60.9,361,+.015,147,+8.32,60,112.2,57,103.9,64,+1.33,131
102,Samford,SC,21-8,+5.51,111.6,98,106.1,144,70.7,34,+.025,119,-3.41,255,106.1,242,109.5,249,-0.66,196
103,Oklahoma St.,B12,13-14,+5.30,109.5,135,104.2,105,71.2,24,+.079,37,+10.27,45,112.7,48,102.5,42,-3.00,267
104,George Washington,A10,18-10,+5.29,107.8,171,102.5,79,67.5,176,-.050,299,-2.36,218,105.3,279,107.6,158,-10.89,362
105,N.C. State,ACC,11-16,+5.06,109.7,132,104.6,112,65.2,299,-.087,345,+6.62,71,111.7,65,105.1,83,-5.12,312
106,South Dakota St.,Sum,19-10,+5.04,112.1,91,107.1,163,69.0,92,-.029,258,-1.30,180,109.4,96,110.7,326,+3.78,75
107,CSUN,BW,20-7,+4.97,109.1,142,104.2,107,72.2,13,+.044,84,-3.42,256,105.1,289,108.5,198,-5.24,318
108,UAB,Amer,18-9,+4.92,118.0,34,113.0,286,69.0,91,-.037,277,-3.11,241,105.8,254,108.9,218,-7.78,348
109,Florida Atlantic,Amer,15-12,+4.78,113.9,75,109.2,209,69.6,66,-.009,205,+2.74,100,108.9,109,106.1,110,+4.01,67
110,Troy,SB,18-10,+4.66,107.8,170,103.2,90,65.9,268,-.030,261,-3.08,239,105.5,267,108.6,200,+0.96,143
111,Georgia Tech,ACC,13-14,+4.66,107.3,183,102.6,81,68.8,101,-.020,237,+5.24,81,110.8,77,105.6,98,-7.56,347
112,North Alabama,ASun,21-9,+4.50,112.8,83,108.3,188,66.8,215,+.005,169,-5.51,299,105.4,277,110.9,335,-2.66,253
113,Jacksonville St.,CUSA,19-9,+4.24,110.7,114,106.5,154,65.5,289,+.057,66,+1.53,119,108.1,142,106.5,120,+0.26,161
114,Saint Louis,A10,15-12,+4.07,108.9,144,104.9,115,67.8,161,-.019,231,+3.37,97,108.4,122,105.1,84,-0.38,187
115,Washington St.,WCC,16-13,+3.91,111.7,97,107.8,179,70.0,58,+.068,51,+5.22,82,111.1,73,105.8,103,+3.06,90
116,California,ACC,12-15,+3.91,111.9,95,108.0,185,67.4,184,-.022,244,+6.01,74,111.5,67,105.5,96,-2.16,239
117,Loyola Chicago,A10,18-9,+3.60,107.5,176,103.9,104,67.4,180,+.060,62,-0.62,165,106.7,205,107.3,149,-9.01,355
118,UNC Wilmington,CAA,22-7,+3.56,112.9,81,109.4,211,65.7,277,+.049,77,-4.27,282,105.6,258,109.9,274,-4.16,299
119,South Alabama,SB,19-10,+3.54,107.2,185,103.7,98,63.3,353,-.031,263,-3.94,272,105.2,281,109.2,230,-2.79,258
120,Chattanooga,SC,21-8,+3.53,115.8,55,112.2,266,66.8,212,+.069,49,-2.93,235,105.6,262,108.5,197,+0.15,167
121,Wichita St.,Amer,17-10,+3.45,108.7,150,105.2,121,68.6,114,+.076,41,+1.08,126,108.0,144,106.9,135,+1.19,135
122,Middle Tennessee,CUSA,18-9,+3.45,110.2,124,106.7,156,68.1,145,+.103,18,+2.78,99,108.3,131,105.5,94,+3.09,88
123,UNC Greensboro,SC,19-10,+3.40,107.9,166,104.5,110,63.8,344,-.012,210,-1.86,194,107.4,168,109.2,234,+2.32,108
124,Davidson,A10,16-11,+3.23,112.8,82,109.6,214,65.8,272,+.008,162,-0.56,163,106.5,219,107.1,142,-4.44,304
125,North Dakota St.,Sum,20-10,+3.18,116.8,46,113.6,300,65.0,309,+.001,177,-2.80,231,108.4,124,111.2,348,-0.26,184
126,East Tennessee St.,SC,17-12,+3.17,108.8,146,105.7,136,65.5,290,-.090,349,-2.58,224,106.8,200,109.4,241,-2.62,251
127,St. Thomas,Sum,20-9,+3.00,115.2,58,112.2,267,67.9,154,-.009,204,-2.72,228,108.3,130,111.0,340,-1.00,204
128,Louisiana Tech,CUSA,18-10,+2.90,110.1,125,107.2,165,64.5,322,+.066,54,+1.21,122,106.5,224,105.3,89,-1.72,227
129,Syracuse,ACC,11-16,+2.90,110.2,120,107.3,169,68.6,113,+.038,100,+8.52,59,112.6,50,104.1,70,+2.31,109
130,Rhode Island,A10,17-9,+2.85,108.8,148,105.9,142,70.5,43,+.047,80,-0.70,167,106.2,240,106.9,133,-5.90,335
131,Utah Valley,WAC,20-7,+2.76,106.0,208,103.2,92,67.9,158,+.113,14,-1.17,173,107.3,173,108.5,195,+0.82,146
132,Kent St.,MAC,18-9,+2.63,106.0,207,103.4,94,65.8,270,+.035,104,-3.40,254,106.1,244,109.5,247,+1.86,119
133,Illinois St.,MVC,17-12,+2.59,114.7,64,112.1,259,65.3,295,-.012,208,+0.58,138,108.9,107,108.3,189,-1.55,220
134,Wofford,SC,15-14,+2.53,112.0,94,109.4,213,64.1,337,-.039,285,+0.28,143,108.2,135,107.9,164,+5.35,49
135,Northern Colorado,BSky,21-8,+2.38,112.5,86,110.1,224,69.1,86,+.054,69,-3.92,271,106.8,201,110.7,325,+2.32,107
136,Kennesaw St.,CUSA,16-12,+2.38,105.6,218,103.2,93,70.5,42,+.016,143,+2.27,108,107.8,156,105.5,95,+3.05,91
137,UC Santa Barbara,BW,18-10,+2.24,109.2,139,107.0,161,65.1,305,-.028,255,-4.02,274,104.7,299,108.7,205,-8.19,351
138,Milwaukee,Horz,19-10,+2.21,109.2,140,107.0,160,68.4,123,+.006,167,-2.39,221,106.9,192,109.3,238,+2.30,111
139,Western Kentucky,CUSA,15-12,+2.18,105.2,220,103.0,88,72.5,8,+.024,123,+2.38,106,108.0,147,105.6,100,+1.83,121
140,DePaul,BE,11-17,+2.18,108.6,151,106.4,152,67.4,186,-.067,324,+6.98,70,110.7,80,103.7,60,-9.95,358
141,New Mexico St.,CUSA,15-12,+2.13,103.9,239,101.8,71,65.4,292,-.006,191,+2.28,107,107.5,164,105.2,88,+1.56,125
142,Belmont,MVC,19-10,+1.89,114.8,62,113.0,282,70.6,39,+.090,28,-0.43,160,107.7,159,108.1,171,-1.91,233
143,James Madison,SB,19-10,+1.69,111.1,104,109.4,212,65.0,312,+.069,48,-1.25,175,106.2,239,107.5,152,+4.47,60
144,Murray St.,MVC,14-15,+1.60,107.3,181,105.7,138,65.0,311,-.041,290,+1.80,114,108.7,114,106.9,134,+1.42,129
145,UTEP,CUSA,17-10,+1.57,107.0,188,105.4,127,68.6,115,+.071,45,+2.02,111,107.0,191,104.9,81,+0.78,147
146,Appalachian St.,SB,17-11,+1.51,102.8,255,101.3,64,63.8,343,-.003,186,-3.24,249,107.1,186,110.3,302,+3.55,80
147,Duquesne,A10,11-16,+1.48,105.6,217,104.2,106,65.1,306,-.124,361,+1.10,124,107.7,157,106.6,123,-2.21,240
148,UC Riverside,BW,18-11,+1.46,110.5,118,109.0,200,67.3,194,+.122,11,+2.48,104,108.7,115,106.2,112,+8.24,27
149,Illinois Chicago,MVC,16-12,+1.35,109.9,128,108.5,191,69.5,69,+.048,78,+1.66,117,108.5,119,106.8,128,+2.83,96
150,Purdue Fort Wayne,Horz,19-10,+1.13,112.3,90,111.1,243,69.6,65,+.021,129,-4.12,278,105.6,259,109.7,264,+0.19,162
151,Virginia Tech,ACC,12-15,+0.99,108.3,160,107.3,168,65.1,303,+.031,110,+5.87,77,111.1,71,105.3,90,-1.22,210
152,Sam Houston St.,CUSA,11-17,+0.98,110.7,113,109.8,218,67.6,171,-.080,338,+5.05,86,108.5,118,103.4,58,+7.16,37
153,Cal Baptist,WAC,13-13,+0.89,108.6,153,107.7,176,66.5,227,-.063,321,-1.26,177,105.1,288,106.4,117,-0.21,183
154,East Carolina,Amer,16-12,+0.63,109.3,138,108.6,196,66.4,229,-.019,233,-1.30,179,107.4,167,108.7,207,-5.13,313
155,Towson,CAA,19-10,+0.49,105.7,216,105.2,122,63.6,348,+.092,25,-1.74,188,106.5,225,108.2,179,+2.99,93
156,Tulane,Amer,15-12,+0.46,107.9,167,107.4,172,66.8,211,-.041,289,-1.74,189,106.7,208,108.4,192,-6.20,339
157,Seattle,WAC,10-16,+0.45,106.7,191,106.2,147,66.1,254,-.166,364,+0.89,130,106.5,216,105.7,101,+5.27,50
158,Robert Morris,Horz,22-8,+0.41,105.8,213,105.4,128,68.5,121,+.084,32,-6.34,315,104.8,294,111.2,346,-8.69,353
159,Furman,SC,21-8,+0.36,108.4,156,108.1,186,65.7,279,+.141,6,-1.89,195,106.4,229,108.3,185,+0.09,170
160,Cornell,Ivy,14-10,+0.34,113.2,79,112.9,278,71.0,30,-.012,209,-1.79,190,107.0,190,108.8,210,-2.63,252
161,Charleston,CAA,21-8,+0.25,106.7,190,106.4,151,70.4,45,+.160,3,-1.95,197,106.4,226,108.4,191,+0.19,163
162,Radford,BSth,17-12,-0.04,110.6,115,110.6,236,63.4,351,+.056,68,-1.57,185,108.2,134,109.8,266,+1.62,123
163,Loyola Marymount,WCC,16-13,-0.11,104.2,234,104.3,109,67.2,199,+.092,26,+2.45,105,109.4,94,107.0,139,-0.45,190
164,Bryant,AE,17-11,-0.13,107.5,175,107.7,175,72.4,9,-.034,270,-5.93,309,103.9,314,109.9,271,+0.16,166
165,Florida Gulf Coast,ASun,17-13,-0.23,109.4,137,109.6,216,65.5,288,-.014,217,-2.88,233,106.7,206,109.6,257,+3.59,78
166,Cleveland St.,Horz,19-10,-0.28,104.9,224,105.2,119,66.2,246,+.050,75,-4.67,290,105.3,280,109.9,276,-0.68,197
167,San Jose St.,MWC,13-16,-0.29,109.5,134,109.8,219,66.1,252,+.015,144,+4.76,88,109.5,93,104.8,79,-3.31,277
168,Rice,Amer,13-15,-0.41,109.2,141,109.6,215,65.5,286,-.083,342,-3.02,238,105.4,272,108.5,194,-7.86,349
169,Temple,Amer,14-14,-0.47,110.2,123,110.7,237,69.3,77,-.008,196,+0.59,136,108.1,140,107.5,154,-1.82,231
170,Central Connecticut,NEC,21-6,-0.55,102.2,267,102.8,85,66.1,251,+.030,112,-10.04,361,101.8,360,111.8,361,-2.25,241
171,Miami OH,MAC,20-7,-0.57,108.6,152,109.2,210,69.3,74,+.121,12,-5.47,298,104.5,300,110.0,282,-3.28,276
172,Ohio,MAC,15-12,-0.63,108.3,159,109.0,199,70.4,46,-.042,291,-3.14,243,106.6,214,109.7,263,-1.27,211
173,Elon,CAA,17-12,-0.69,107.9,168,108.5,193,65.2,298,-.003,187,-2.92,234,106.0,246,108.9,219,-0.37,186
174,Norfolk St.,MEAC,20-8,-0.79,108.4,157,109.1,208,66.6,224,+.062,58,-6.88,328,103.8,318,110.6,324,+2.85,95
175,Boston College,ACC,12-15,-1.07,105.9,209,107.0,162,66.4,228,+.033,107,+3.46,96,109.6,92,106.1,109,-6.59,342
176,Jacksonville,ASun,17-12,-1.08,102.0,275,103.1,89,67.9,156,+.053,71,-2.01,202,108.3,128,110.3,303,+6.48,44
177,Central Michigan,MAC,12-15,-1.08,107.4,180,108.4,190,67.7,167,-.117,358,-0.31,156,107.8,154,108.1,174,+11.52,12
178,Princeton,Ivy,17-9,-1.18,106.5,193,107.7,177,66.7,218,+.132,10,-1.41,182,107.2,178,108.6,201,-0.47,191
179,Texas A&M Corpus Chris,Slnd,17-13,-1.19,106.7,189,107.9,181,68.2,142,-.013,213,-2.39,220,105.5,266,107.9,165,+3.98,70
180,Montana,BSky,20-8,-1.27,111.4,99,112.7,276,67.4,185,+.207,1,-0.99,170,108.2,133,109.2,232,+9.13,25
181,Wyoming,MWC,12-16,-1.28,104.2,235,105.5,132,64.9,314,+.007,165,+4.61,91,110.5,82,105.9,104,-3.08,269
182,Nicholls,Slnd,18-11,-1.33,107.3,182,108.6,195,68.2,143,+.074,43,-2.11,205,105.5,268,107.6,155,+7.84,31
183,Eastern Kentucky,ASun,17-13,-1.36,109.6,133,110.9,239,68.4,126,+.013,150,-3.14,244,106.6,211,109.8,269,+4.33,62
184,UNC Asheville,BSth,20-8,-1.47,110.8,111,112.3,269,68.3,132,+.169,2,-2.73,229,107.9,153,110.6,319,-0.05,177
185,Lamar,Slnd,18-11,-1.49,103.8,243,105.2,123,65.6,281,+.059,64,-2.95,236,105.5,269,108.4,193,+3.80,74
186,Marshall,SB,17-12,-1.53,106.3,198,107.8,180,69.0,94,+.009,159,-3.78,267,106.3,232,110.1,292,-3.64,288
187,Campbell,CAA,15-14,-1.69,103.8,242,105.5,131,66.0,259,-.056,309,-4.58,288,105.4,278,110.0,280,-3.95,295
188,Southeastern Louisiana,Slnd,18-11,-1.84,105.9,210,107.8,178,67.6,170,+.042,92,-4.40,285,105.2,285,109.6,253,-0.51,194
189,Miami FL,ACC,6-21,-1.92,114.5,65,116.4,335,67.4,189,-.165,363,+6.25,72,110.2,84,104.0,67,-2.59,250
190,Nebraska Omaha,Sum,18-12,-2.07,111.1,105,113.1,290,67.8,160,+.080,36,-1.99,199,108.1,141,110.1,287,+0.09,172
191,Southern Illinois,MVC,12-17,-2.11,105.2,219,107.3,171,67.9,151,-.058,312,+1.07,127,109.4,99,108.3,182,+2.18,115
192,Longwood,BSth,17-12,-2.24,107.8,172,110.0,222,69.2,80,-.001,180,-3.44,260,107.9,151,111.3,352,-3.46,284
193,Montana St.,BSky,12-16,-2.40,106.1,203,108.5,194,66.5,225,-.075,327,-1.60,186,107.3,172,108.9,220,+4.79,56
194,Oakland,Horz,13-16,-2.43,107.7,173,110.2,226,63.7,347,-.005,190,+0.30,142,108.0,146,107.7,159,+13.77,5
195,Texas St.,SB,15-14,-2.46,110.8,110,113.3,295,65.9,262,-.026,253,-2.25,211,105.2,283,107.4,151,+0.29,159
196,South Florida,Amer,13-15,-2.51,104.8,227,107.3,167,68.9,100,-.018,230,-0.55,162,108.4,123,109.0,222,-5.55,329
197,Winthrop,BSth,19-10,-2.66,107.9,165,110.6,235,72.9,5,+.096,23,-4.04,275,106.5,221,110.6,315,-3.19,274
198,Merrimack,MAAC,15-13,-2.73,99.8,314,102.5,80,64.9,316,+.012,155,-4.86,293,105.4,274,110.3,298,+6.81,41
199,Drexel,CAA,15-14,-2.78,102.9,253,105.7,139,63.1,354,-.062,319,-4.33,284,106.3,234,110.6,322,-5.26,321
200,Quinnipiac,MAAC,17-10,-2.79,102.5,261,105.3,126,71.8,18,+.044,86,-6.45,318,103.4,331,109.9,273,+0.12,169
201,Youngstown St.,Horz,19-11,-2.86,102.9,252,105.8,141,69.6,67,+.054,70,-5.47,297,105.4,271,110.9,336,-5.86,333
202,South Carolina St.,MEAC,15-12,-2.96,103.5,246,106.4,153,68.8,105,-.080,339,-6.88,327,103.7,320,110.6,320,+0.36,154
203,Brown,Ivy,13-11,-3.06,105.9,211,109.0,198,65.9,260,+.023,125,-4.48,287,106.4,230,110.9,332,-5.15,315
204,Massachusetts,A10,11-17,-3.07,102.9,254,106.0,143,70.6,38,-.052,304,+1.08,125,107.0,189,105.9,105,-3.44,283
205,Southeast Missouri,OVC,19-10,-3.14,103.3,248,106.4,150,68.8,110,+.020,131,-8.16,353,102.6,343,110.8,330,+3.69,76
206,Portland St.,BSky,16-12,-3.31,102.1,271,105.5,130,68.8,107,+.001,175,-3.61,262,107.4,170,111.0,341,-1.36,213
207,Seton Hall,BE,7-20,-3.32,100.6,305,103.9,103,64.3,331,-.038,281,+8.22,61,111.5,68,103.2,55,-2.81,259
208,Dartmouth,Ivy,13-11,-3.32,102.0,276,105.3,125,71.3,23,-.032,266,-4.45,286,106.6,213,111.0,343,-6.07,338
209,William & Mary,CAA,17-12,-3.38,109.4,136,112.8,277,71.1,28,+.068,52,-2.86,232,105.9,250,108.7,209,-1.32,212
210,Little Rock,OVC,18-11,-3.51,99.2,321,102.8,84,67.1,204,+.035,105,-8.64,357,102.3,352,110.9,334,+1.40,130
211,UT Arlington,WAC,13-14,-3.54,108.5,154,112.1,258,67.9,155,-.025,251,-2.20,208,104.7,298,106.9,136,+0.03,174
212,Indiana St.,MVC,13-16,-3.76,108.1,164,111.9,255,72.3,10,-.026,252,-0.06,149,107.7,158,107.8,160,-4.42,303
213,Abilene Christian,WAC,14-13,-3.90,99.9,313,103.8,102,69.2,83,+.037,102,-1.48,183,105.6,263,107.0,140,+0.57,151
214,Cal Poly,BW,11-17,-3.94,108.2,163,112.2,264,74.4,2,+.025,120,+2.73,101,107.8,155,105.1,85,+4.87,55
215,UTSA,Amer,10-17,-3.96,107.5,177,111.5,250,70.3,48,-.015,219,+1.86,112,108.4,121,106.6,122,+1.54,126
216,Maine,AE,16-12,-4.07,102.1,273,106.2,146,66.3,239,-.025,250,-6.85,326,104.1,311,110.9,338,-3.31,278
217,Northeastern,CAA,15-14,-4.08,104.9,222,109.0,201,67.7,163,+.020,130,-3.81,269,104.8,297,108.6,202,-3.74,290
218,Idaho St.,BSky,13-13,-4.10,106.5,194,110.6,234,66.1,250,-.062,320,-3.44,259,106.4,228,109.9,272,+2.36,106
219,Wright St.,Horz,13-16,-4.12,108.8,147,112.9,281,67.8,162,-.078,329,-3.13,242,106.4,231,109.5,250,+0.36,155
220,Queens,ASun,18-12,-4.27,106.4,196,110.7,238,69.1,87,+.071,46,-4.87,294,105.8,255,110.6,323,+0.97,142
221,Hampton,CAA,16-13,-4.31,104.7,229,109.0,202,65.6,284,+.018,134,-3.11,240,107.1,183,110.2,297,+0.66,149
222,Hawaii,BW,14-13,-4.39,103.6,245,108.0,183,65.8,273,+.044,88,-1.20,174,106.4,227,107.6,157,-2.91,264
223,Bucknell,PL,15-14,-4.52,102.4,263,106.9,159,67.7,165,-.008,198,-6.80,325,104.3,306,111.1,345,-0.03,176
224,Southern,SWAC,18-9,-4.59,100.9,297,105.5,133,69.0,90,+.102,19,-6.60,322,103.0,336,109.6,252,+11.16,13
225,Hofstra,CAA,13-16,-4.65,99.1,323,103.7,100,64.1,338,-.015,220,-1.26,176,106.5,218,107.8,161,+2.30,112
226,Toledo,MAC,16-11,-4.72,111.3,100,116.0,331,68.4,124,+.134,9,-2.76,230,106.5,217,109.3,237,+3.52,82
227,Fordham,A10,11-16,-4.91,106.3,200,111.2,245,69.9,59,+.013,153,+0.59,137,106.9,195,106.3,115,-3.62,287
228,UC Davis,BW,15-13,-5.24,97.5,336,102.7,83,67.3,192,+.096,22,-0.33,157,108.0,148,108.3,187,+2.31,110
229,Pepperdine,WCC,10-19,-5.34,106.0,206,111.4,247,69.6,64,-.052,305,+2.21,109,108.0,149,105.8,102,-4.40,302
230,SIUE,OVC,19-10,-5.37,101.8,281,107.2,166,66.2,248,+.040,94,-9.66,360,102.2,356,111.8,360,-3.35,279
231,Missouri St.,MVC,9-20,-5.50,102.4,264,107.9,182,64.2,332,-.108,354,+0.64,133,109.4,98,108.7,208,+0.76,148
232,Valparaiso,MVC,13-16,-5.57,107.4,179,113.0,284,68.5,122,+.013,151,-0.72,168,106.7,202,107.5,153,-4.85,310
233,Marist,MAAC,20-5,-5.67,100.8,299,106.5,155,64.4,327,+.103,17,-11.03,363,101.6,362,112.6,364,-11.24,363
234,Cal St. Bakersfield,BW,12-17,-5.73,107.5,178,113.2,292,65.9,261,-.038,280,-0.35,158,106.6,212,107.0,137,-2.02,234
235,Vermont,AE,17-11,-5.81,99.6,317,105.4,129,62.4,357,+.103,16,-5.86,305,104.9,291,110.8,329,-1.61,223
236,Richmond,A10,10-18,-5.98,104.4,231,110.4,229,64.0,340,-.003,185,+1.72,116,108.1,138,106.4,116,-2.38,244
237,La Salle,A10,12-15,-6.16,103.6,244,109.7,217,69.2,82,+.065,55,+1.46,120,108.2,136,106.7,125,-1.62,224
238,UT Rio Grande Valley,Slnd,14-15,-6.20,104.7,228,110.9,240,70.7,33,-.023,247,-2.42,223,105.6,260,108.0,168,+0.90,144
239,Siena,MAAC,13-15,-6.28,103.9,240,110.1,223,67.0,205,-.057,310,-6.59,321,103.5,327,110.1,289,-1.38,214
240,Presbyterian,BSth,12-17,-6.34,106.3,199,112.6,275,64.4,326,-.045,296,-2.33,215,107.6,161,109.9,278,-0.76,199
241,Northwestern St.,Slnd,13-15,-6.40,102.7,259,109.1,205,64.3,329,+.062,59,+0.08,145,107.1,185,107.0,138,+11.71,11
242,North Florida,ASun,15-15,-6.41,110.9,109,117.3,344,72.6,6,+.064,56,-1.81,193,107.2,176,109.0,224,+6.92,39
243,South Dakota,Sum,17-12,-6.41,111.0,106,117.4,346,74.3,3,+.099,21,-4.00,273,107.1,184,111.1,344,-4.01,297
244,Kansas City,Sum,11-18,-6.51,101.8,282,108.3,189,64.8,317,-.110,355,-2.00,201,109.3,102,111.3,350,+0.65,150
245,Incarnate Word,Slnd,15-14,-6.70,107.1,186,113.8,304,64.6,321,-.033,269,-5.89,307,103.7,321,109.6,256,-5.39,324
246,UMass Lowell,AE,16-12,-6.82,110.1,126,116.9,337,69.0,93,+.033,108,-7.45,342,101.8,359,109.3,236,-3.37,280
247,American,PL,18-11,-7.00,103.3,247,110.3,228,63.6,349,+.137,8,-5.92,308,104.4,305,110.3,299,+1.46,127
248,Northern Arizona,BSky,16-13,-7.03,104.9,223,111.9,257,66.8,210,+.002,173,-5.72,304,106.0,247,111.7,359,-4.72,306
249,Jackson St.,SWAC,10-17,-7.20,101.9,279,109.1,206,68.8,103,-.022,246,+0.18,144,106.8,198,106.6,124,+16.37,3
250,Georgia Southern,SB,14-15,-7.23,103.2,249,110.5,231,70.2,51,+.044,85,-4.19,281,105.9,249,110.1,291,-3.12,272
251,Gardner Webb,BSth,10-17,-7.31,105.8,214,113.1,288,69.4,72,+.003,172,-1.80,191,108.4,125,110.2,296,+0.41,152
252,Evansville,MVC,11-18,-7.41,99.9,312,107.3,170,66.7,216,-.004,188,+0.64,134,109.0,106,108.3,188,+1.06,139
253,Northern Kentucky,Horz,14-15,-7.46,101.7,284,109.1,207,65.7,280,+.043,90,-2.59,225,106.9,196,109.5,245,+3.33,86
254,Fresno St.,MWC,5-23,-7.46,101.1,294,108.5,192,71.4,21,-.020,236,+6.17,73,110.7,79,104.6,77,-1.58,222
255,Manhattan,MAAC,13-12,-7.49,107.9,169,115.3,325,67.9,159,+.004,171,-7.95,349,102.1,357,110.0,284,-5.55,328
256,Mount St. Mary's,MAAC,17-10,-7.69,101.3,288,109.0,204,68.1,147,+.154,4,-7.14,337,103.3,333,110.4,305,-0.86,201
257,Tennessee St.,OVC,14-15,-7.83,103.1,250,111.0,241,71.4,22,-.081,340,-7.54,343,102.2,353,109.8,267,-0.20,182
258,Stephen F. Austin,Slnd,14-15,-8.01,95.6,350,103.6,97,67.1,203,+.046,82,-3.36,252,105.1,287,108.5,196,+0.82,145
259,Delaware,CAA,12-17,-8.02,109.1,143,117.1,343,70.7,37,-.016,226,-3.75,266,104.1,309,107.9,163,-2.04,236
260,Charlotte,Amer,10-17,-8.10,105.1,221,113.2,291,64.8,319,+.008,163,-0.85,169,108.1,137,109.0,221,-3.93,294
261,Colgate,PL,12-17,-8.14,106.6,192,114.7,313,67.1,202,-.050,300,-4.69,291,104.5,301,109.2,231,+2.21,114
262,Mercer,SC,12-17,-8.19,101.6,285,109.8,220,71.7,19,-.023,248,-2.20,207,106.7,204,108.9,216,-2.50,248
263,Idaho,BSky,12-16,-8.36,109.9,127,118.3,352,66.3,236,+.018,137,-2.13,206,106.5,222,108.6,204,+2.27,113
264,FIU,CUSA,8-19,-8.38,97.7,334,106.1,145,69.2,81,-.059,316,-0.04,148,107.9,150,108.0,166,-5.60,331
265,Georgia St.,SB,13-16,-8.60,106.3,197,114.9,317,69.5,68,+.042,91,-3.15,245,106.0,248,109.1,227,-2.11,237
266,Eastern Washington,BSky,10-18,-8.65,104.3,233,113.0,283,67.4,182,+.012,156,-0.47,161,108.4,120,108.9,213,+6.59,43
267,Columbia,Ivy,12-12,-8.70,107.7,174,116.4,334,70.2,50,+.015,146,-5.33,296,105.2,286,110.5,309,-10.85,361
268,Houston Christian,Slnd,12-17,-8.80,103.1,251,111.9,254,65.1,304,+.017,138,-2.69,227,105.4,275,108.1,170,+5.26,51
269,North Dakota,Sum,11-18,-8.88,108.9,145,117.8,350,69.0,96,-.016,225,-1.64,187,108.3,129,109.9,277,+2.03,118
270,Ball St.,MAC,14-13,-8.96,105.9,212,114.8,316,66.4,232,-.021,243,-7.35,340,104.2,307,111.6,356,-6.58,341
271,Harvard,Ivy,10-14,-9.05,102.7,258,111.7,252,65.8,271,+.041,93,-2.32,213,106.5,220,108.8,211,-3.23,275
272,Sacred Heart,MAAC,12-15,-9.20,106.1,204,115.3,322,70.5,44,-.031,264,-7.05,334,103.0,335,110.0,286,-2.81,260
273,Portland,WCC,11-18,-9.24,106.1,205,115.3,323,68.8,109,+.057,67,+2.82,98,109.1,104,106.3,114,-3.89,292
274,Monmouth,CAA,11-18,-9.29,103.8,241,113.1,289,67.6,169,+.021,128,-1.80,192,106.5,223,108.3,183,+2.49,103
275,Austin Peay,ASun,13-17,-9.35,102.8,257,112.1,260,66.0,257,+.040,97,-1.39,181,108.5,117,109.9,275,+5.49,48
276,Southern Utah,WAC,11-16,-9.39,101.1,295,110.4,230,68.5,120,+.024,122,-1.30,178,105.6,261,106.9,130,-0.05,178
277,Pacific,WCC,9-22,-9.54,102.6,260,112.1,261,66.3,238,-.028,254,+2.63,103,109.4,97,106.7,126,-0.11,180
278,Bethune Cookman,SWAC,13-15,-9.68,98.3,331,108.0,184,69.0,95,+.081,34,-3.69,264,105.0,290,108.7,206,+9.38,22
279,Albany,AE,14-14,-9.75,102.5,262,112.2,268,67.9,157,+.026,118,-7.34,339,103.6,325,110.9,333,-4.52,305
280,Iona,MAAC,12-16,-9.77,97.7,335,107.5,173,68.9,98,-.008,197,-6.88,329,103.5,329,110.3,304,-3.38,281
281,Penn,Ivy,7-17,-9.78,104.8,226,114.5,310,66.6,219,-.036,274,-2.09,204,106.1,243,108.2,177,-1.44,215
282,Texas Southern,SWAC,13-15,-9.88,96.9,340,106.8,158,70.0,56,-.049,298,-6.56,319,102.9,338,109.5,248,+12.54,9
283,Tulsa,Amer,11-17,-9.97,100.6,304,110.6,233,66.1,249,-.050,301,-2.00,200,107.1,182,109.1,225,-9.27,356
284,Navy,PL,11-18,-10.13,102.0,274,112.1,262,67.0,209,-.085,343,-8.08,351,102.5,347,110.6,318,-5.59,330
285,Lehigh,PL,10-17,-10.23,101.1,293,111.3,246,67.0,207,-.088,346,-5.62,300,104.2,308,109.8,265,+3.46,83
286,VMI,SC,13-16,-10.23,100.8,301,111.0,242,68.3,134,+.014,149,-2.31,212,106.8,199,109.1,228,-1.76,229
287,UMBC,AE,13-16,-10.42,107.1,187,117.5,348,71.2,25,-.051,302,-7.44,341,102.6,345,110.0,283,-5.28,323
288,Southern Miss,SB,10-19,-10.57,98.2,332,108.8,197,71.1,26,-.014,216,-1.98,198,106.3,233,108.3,184,+0.13,168
289,Charleston Southern,BSth,10-20,-10.66,100.7,303,111.4,249,67.7,164,+.038,98,-0.15,152,109.4,95,109.6,255,+4.47,59
290,Tennessee Martin,OVC,12-17,-10.76,101.5,287,112.3,270,67.3,195,-.051,303,-6.57,320,102.8,341,109.3,240,+2.45,104
291,Tarleton St.,WAC,11-17,-10.80,94.4,358,105.2,120,65.7,276,+.047,79,+2.03,110,108.0,145,106.0,107,+7.21,36
292,Eastern Michigan,MAC,14-13,-10.98,104.2,237,115.1,319,67.3,190,+.146,5,-4.65,289,106.2,238,110.9,331,-3.11,271
293,San Diego,WCC,4-25,-10.99,99.5,319,110.5,232,70.8,31,-.115,356,+1.81,113,108.4,126,106.6,121,-4.00,296
294,Utah Tech,WAC,6-21,-11.02,104.2,236,115.2,320,67.3,193,-.068,325,+0.82,131,106.7,203,105.9,106,+3.28,87
295,Tennessee Tech,OVC,15-14,-11.07,102.2,266,113.3,296,67.7,166,+.079,39,-7.06,335,102.6,346,109.6,259,+0.32,156
296,Lafayette,PL,11-18,-11.09,98.8,327,109.9,221,66.0,258,-.078,331,-7.74,345,103.8,319,111.5,355,-5.14,314
297,Delaware St.,MEAC,14-12,-11.31,101.6,286,112.9,280,70.7,35,+.061,61,-6.45,317,104.9,293,111.3,353,-1.50,219
298,Saint Peter's,MAAC,10-14,-11.36,96.8,342,108.2,187,63.3,352,+.005,168,-6.78,323,104.4,303,111.2,347,-0.44,189
299,LIU,NEC,14-15,-11.46,94.9,353,106.3,148,65.0,308,+.007,166,-9.30,358,102.8,340,112.1,362,-2.68,255
300,Louisiana,SB,11-18,-11.59,100.0,310,111.6,251,67.0,208,+.076,40,-2.40,222,105.7,257,108.1,169,+1.21,134
301,Army,PL,16-12,-11.65,102.8,256,114.5,309,67.2,197,+.140,7,-7.98,350,103.5,328,111.5,354,-5.23,317
302,Bowling Green,MAC,11-16,-11.73,101.3,290,113.0,287,69.4,70,-.009,199,-6.11,311,105.2,282,111.3,351,-6.54,340
303,Weber St.,BSky,10-19,-11.94,102.1,272,114.1,307,65.9,267,-.012,211,-2.23,209,107.3,175,109.5,246,+2.63,98
304,Binghamton,AE,15-14,-11.97,100.9,296,112.9,279,65.9,263,+.081,33,-6.98,332,103.6,324,110.6,316,-4.76,307
305,Alabama St.,SWAC,13-15,-11.97,102.1,270,114.1,308,68.1,146,+.023,126,-7.85,346,102.3,351,110.2,294,+6.18,45
306,Old Dominion,SB,11-18,-12.00,101.9,277,113.9,306,66.2,244,-.002,181,-4.15,280,105.4,273,109.6,254,-2.86,263
307,Air Force,MWC,4-23,-12.17,100.3,308,112.5,273,64.0,339,-.098,352,+2.67,102,108.9,108,106.2,113,-4.78,308
308,Loyola MD,PL,11-16,-12.35,100.9,298,113.2,293,67.1,201,-.021,238,-8.20,354,102.6,344,110.8,327,-5.26,320
309,Western Michigan,MAC,9-18,-12.50,101.3,291,113.8,303,68.0,150,-.034,271,-3.46,261,107.2,179,110.6,321,-0.20,181
310,Boston University,PL,14-15,-12.52,98.6,328,111.2,244,62.9,356,+.051,74,-7.94,348,103.3,332,111.3,349,-5.89,334
311,Howard,MEAC,12-16,-12.58,106.2,201,118.8,354,69.3,76,+.044,87,-6.79,324,103.6,323,110.4,306,+1.79,122
312,Long Beach St.,BW,7-21,-12.63,102.3,265,115.0,318,64.5,324,-.053,306,+0.64,132,107.1,180,106.5,119,+2.58,99
313,Alcorn St.,SWAC,8-19,-12.81,99.6,318,112.4,271,65.3,293,-.038,279,-1.00,171,106.3,237,107.3,146,+13.52,6
314,North Carolina Central,MEAC,11-16,-12.90,104.5,230,117.4,345,66.6,222,-.037,278,-5.95,310,104.8,295,110.8,328,+0.07,173
315,Stonehill,NEC,14-15,-12.92,101.9,278,114.8,315,65.1,302,+.029,115,-9.34,359,101.2,363,110.6,317,-3.00,268
316,Fairleigh Dickinson,NEC,11-18,-12.93,99.5,320,112.4,272,69.2,84,-.079,333,-6.97,331,103.5,326,110.5,313,+2.98,94
317,Holy Cross,PL,13-16,-13.47,102.2,269,115.7,328,65.9,264,+.066,53,-6.14,312,103.6,322,109.8,268,+0.01,175
318,IU Indy,Horz,9-20,-13.52,108.3,158,121.8,360,65.2,297,-.089,347,-3.66,263,104.9,292,108.6,199,-3.39,282
319,Oral Roberts,Sum,7-20,-13.70,104.3,232,118.0,351,67.9,153,-.009,202,-0.15,151,109.9,87,110.0,285,+6.77,42
320,Florida A&M,SWAC,12-14,-13.74,100.0,311,113.8,302,67.4,179,+.080,35,-4.28,283,104.1,310,108.4,190,+19.48,1
321,Saint Francis,NEC,12-17,-13.83,101.7,283,115.5,326,67.2,198,+.019,133,-5.70,303,103.4,330,109.1,229,+7.80,32
322,Denver,Sum,10-19,-13.95,99.1,324,113.0,285,66.6,223,+.016,141,-2.36,217,109.3,101,111.7,358,-1.09,207
323,Niagara,MAAC,10-17,-14.04,101.3,292,115.3,324,65.1,300,-.005,189,-7.62,344,102.4,348,110.1,288,-5.28,322
324,Grambling St.,SWAC,9-18,-14.38,97.0,338,111.4,248,64.2,333,-.066,323,-6.17,313,103.1,334,109.3,239,+10.52,15
325,North Carolina A&T,CAA,7-22,-14.39,98.9,326,113.3,297,69.9,60,-.007,195,-2.97,237,106.0,245,109.0,223,-0.70,198
326,Coastal Carolina,SB,9-20,-14.91,101.3,289,116.2,333,63.5,350,-.042,292,-3.73,265,105.2,284,108.9,212,-5.60,332
327,Rider,MAAC,10-18,-15.06,99.7,315,114.8,314,65.1,301,+.064,57,-5.87,306,103.8,316,109.7,262,+0.09,171
328,Lindenwood,OVC,14-15,-15.19,95.0,352,110.2,225,69.6,63,+.107,15,-7.34,338,103.0,337,110.3,301,+4.00,68
329,East Texas A&M,Slnd,4-25,-15.20,97.0,339,112.2,263,67.6,172,-.038,284,-0.40,159,106.9,193,107.3,147,+4.78,57
330,Morgan St.,MEAC,11-16,-15.32,104.1,238,119.4,356,70.3,49,-.022,245,-7.12,336,103.8,317,110.9,337,-3.47,285
331,Morehead St.,OVC,14-15,-15.63,99.1,325,114.7,312,64.5,323,+.101,20,-7.05,333,102.2,355,109.2,233,+5.09,54
332,Eastern Illinois,OVC,10-19,-15.88,93.2,361,109.0,203,66.1,253,-.002,182,-5.67,301,103.9,313,109.6,260,+10.65,14
333,Green Bay,Horz,3-26,-16.06,100.8,300,116.9,338,69.1,88,-.061,318,-0.60,164,107.5,163,108.1,173,+3.98,69
334,Western Carolina,SC,8-19,-16.10,96.4,346,112.5,274,71.1,27,+.028,116,+0.93,129,108.5,116,107.6,156,+7.63,34
335,Detroit Mercy,Horz,8-21,-16.14,95.7,349,111.9,253,66.8,214,+.034,106,-2.23,210,107.4,169,109.6,258,+1.59,124
336,USC Upstate,BSth,6-23,-16.16,100.7,302,116.9,339,72.6,7,-.031,265,-0.69,166,108.2,132,108.9,214,+2.71,97
337,Southern Indiana,OVC,10-18,-16.55,99.1,322,115.7,329,67.2,196,-.021,241,-8.46,356,102.0,358,110.5,312,-2.47,247
338,Fairfield,MAAC,10-17,-16.57,100.4,306,117.0,341,65.7,278,+.073,44,-6.40,316,102.9,339,109.3,235,-2.41,245
339,Stony Brook,CAA,6-23,-16.82,102.2,268,119.0,355,64.8,320,-.041,288,-2.38,219,105.8,251,108.2,180,-0.32,185
340,Sacramento St.,BSky,7-21,-16.96,96.5,343,113.5,298,65.9,266,-.009,200,-3.44,258,106.8,197,110.3,300,-1.17,209
341,Bellarmine,ASun,5-25,-17.31,104.8,225,122.1,361,66.4,233,-.115,357,-4.13,279,105.8,253,110.0,279,-1.62,225
342,Cal St. Fullerton,BW,6-22,-17.44,96.4,345,113.9,305,68.2,144,-.019,234,+1.17,123,107.4,171,106.2,111,+4.29,63
343,Louisiana Monroe,SB,7-22,-17.73,96.0,347,113.7,301,68.2,140,-.017,229,-3.23,248,105.4,276,108.6,203,-3.09,270
344,New Orleans,Slnd,4-25,-17.79,99.7,316,117.5,347,69.4,71,-.015,223,+0.59,135,107.5,165,106.9,131,+10.30,18
345,Wagner,NEC,14-13,-17.80,94.4,359,112.2,265,60.4,363,+.093,24,-11.21,364,100.4,364,111.6,357,-2.31,243
346,Northern Illinois,MAC,5-22,-17.80,95.8,348,113.6,299,69.2,78,-.119,359,-3.31,250,106.7,210,110.0,281,-0.98,202
347,Mercyhurst,NEC,14-16,-18.44,98.2,333,116.7,336,65.1,307,+.116,13,-8.23,355,102.2,354,110.4,307,-1.11,208
348,Central Arkansas,ASun,8-22,-18.73,98.4,330,117.1,342,66.3,240,+.022,127,-3.19,246,106.7,209,109.8,270,+2.12,116
349,West Georgia,ASun,5-25,-18.78,97.3,337,116.1,332,68.2,138,-.003,183,-1.94,196,107.6,162,109.5,251,+1.83,120
350,NJIT,AE,5-23,-19.26,94.0,360,113.3,294,66.2,242,-.078,330,-5.70,302,104.5,302,110.2,293,-3.53,286
351,Buffalo,MAC,8-19,-19.33,95.2,351,114.6,311,71.5,20,+.044,89,-3.80,268,106.3,235,110.1,290,+0.29,158
352,Stetson,ASun,8-22,-19.33,100.2,309,119.5,357,67.4,181,+.001,178,-4.05,276,106.9,194,110.9,339,+0.18,164
353,Western Illinois,OVC,10-19,-19.75,98.6,329,118.4,353,64.2,336,+.024,124,-7.86,347,102.3,350,110.2,295,-2.78,257
354,The Citadel,SC,5-22,-20.10,96.8,341,116.9,340,64.4,325,-.146,362,-3.21,247,106.2,241,109.4,243,-6.68,344
355,Le Moyne,NEC,9-20,-20.74,100.4,307,121.1,359,68.7,112,+.016,142,-8.14,352,102.4,349,110.5,314,+0.31,157
356,Alabama A&M,SWAC,10-18,-20.84,94.4,357,115.3,321,72.0,16,-.024,249,-10.45,362,101.8,361,112.2,363,+1.28,132
357,Canisius,MAAC,3-24,-20.84,101.8,280,122.7,363,66.2,245,-.080,336,-4.12,277,104.0,312,108.2,176,+3.34,85
358,Prairie View A&M,SWAC,5-23,-21.09,96.5,344,117.6,349,70.7,32,-.064,322,-4.72,292,104.4,304,109.1,226,+10.47,16
359,New Hampshire,AE,8-21,-21.20,94.8,354,116.0,330,67.4,188,+.030,111,-6.22,314,104.8,296,111.0,342,-2.94,266
360,Chicago St.,NEC,4-25,-23.58,92.0,362,115.5,327,68.9,99,-.019,235,-2.65,226,105.4,270,108.1,172,+8.16,29
361,Coppin St.,MEAC,5-21,-24.83,87.1,363,111.9,256,68.3,131,+.046,81,-2.33,214,107.1,187,109.4,242,+4.70,58
362,Maryland Eastern Shore,MEAC,4-22,-25.43,94.7,356,120.1,358,66.4,231,-.123,360,+0.06,146,107.9,152,107.8,162,+9.68,21
363,Arkansas Pine Bluff,SWAC,5-23,-27.52,94.8,355,122.3,362,72.3,11,-.042,293,-6.96,330,102.7,342,109.7,261,+7.06,38
364,Mississippi Valley St.,SWAC,3-25,-42.64,82.7,364,125.4,364,64.9,313,+.001,176,-1.07,172,105.7,256,106.8,127,+18.69,2